type,source_station,destination_station,goods_weight,containers,labour_cost,time,transportation_cost_in_euros,,,,,
roadways,Brussels , London,3910,8,728,146,1419,,,,,
roadways,Prague , Warsaw,11971,12,789,44,746,,,,,
roadways,Brussels , London,17526,11,795,54,1121,,,,,
roadways,Hilsinki , Turku,13835,8,537,152,1341,,,,,
roadways,Copenhagen , Stockholm,15859,6,968,180,512,,,,,
roadways,Hamburg , Munich,5389,11,842,71,879,,,,,
roadways,Zagreb , Belgrade,7938,6,760,153,429,,,,,
roadways,Vienna , Budapest,10418,8,512,110,481,,,,,
roadways,Cologne , Frankfurt,10519,6,527,176,618,,,,,
roadways,Helsinki , Rovaniemi,3767,11,660,113,463,,,,,
roadways,Venice , Ljubljana,3235,6,671,152,597,,,,,
roadways,Hilsinki , Turku,16602,6,730,122,322,,,,,
roadways,Amsterdam , Brussels,17900,6,511,67,1133,,,,,
roadways,Vienna , Venice,15884,11,503,78,320,,,,,
roadways,Berlin , Munich,13948,12,546,162,679,,,,,
roadways,Östersund , Trontheim,10841,11,666,177,318,,,,,
roadways,Frankfurt , Bern,9947,7,962,176,932,,,,,
roadways,Brussels , Cologne,15790,11,858,105,871,,,,,
roadways,Budapest , Bucharest,7882,8,763,151,683,,,,,
roadways,Berlin , Hamburg,17132,6,520,118,324,,,,,
roadways,Sofia , Thessaloniki,9544,9,721,52,727,,,,,
roadways,Frankfurt , Bern,3646,7,828,89,761,,,,,
roadways,Prague , Vienna,10630,8,859,167,959,,,,,
roadways,Munich , Prague,5714,8,557,79,827,,,,,
roadways,Munich , Prague,6186,10,916,180,882,,,,,
roadways,Budapest , Zagreb,17506,6,898,171,916,,,,,
roadways,Frankfurt , Munich,16605,8,820,155,458,,,,,
roadways,Paris , Lyon,12378,12,591,164,428,,,,,
roadways,Copenhagen , Oslo,3330,6,964,141,741,,,,,
roadways,Budapest , Ljubljana,6005,10,714,148,1127,,,,,
roadways,Skopje , Thessaloniki,13503,8,547,128,799,,,,,
roadways,Vienna , Budapest,10981,7,517,190,933,,,,,
roadways,Zagreb , Belgrade,7352,9,561,127,948,,,,,
roadways,Brussels , Paris,17948,9,778,115,707,,,,,
roadways,Paris , Rennes,16541,10,674,55,557,,,,,
roadways,Hilsinki , Turku,17121,6,874,160,790,,,,,
roadways,Paris , Lyon,3729,9,715,54,1484,,,,,
roadways,Paris , London,8922,6,750,154,792,,,,,
roadways,Budapest , Bucharest,8734,6,758,182,696,,,,,
roadways,Berlin , Munich,9574,12,868,107,474,,,,,
roadways,Hamburg , Munich,14074,10,858,45,1322,,,,,
roadways,Budapest , Ljubljana,13705,12,878,156,1373,,,,,
roadways,Paris , Rennes,13299,6,506,108,432,,,,,
roadways,Sofia , Skopje,13829,12,733,189,1465,,,,,
roadways,Zagreb , Belgrade,7949,6,718,112,905,,,,,
roadways,Frankfurt , Hamburg,5688,10,810,193,958,,,,,
roadways,Stockholm , Kiruna,12703,10,985,112,1200,,,,,
roadways,Vienna , Warsaw,17370,10,890,101,989,,,,,
roadways,Paris , Frankfurt,10963,6,623,128,1079,,,,,
roadways,Vienna , Warsaw,14544,9,778,104,319,,,,,
roadways,Vienna , Budapest,6028,9,791,79,587,,,,,
roadways,Brussels , Paris,13839,10,972,103,1246,,,,,
roadways,Copenhagen , Oslo,16838,6,907,131,1051,,,,,
roadways,Hamburg , Copenhagen,17398,11,561,149,800,,,,,
roadways,Stockholm , Östersund,3084,9,771,120,1307,,,,,
roadways,Paris , London,9596,7,509,111,1257,,,,,
roadways,Sofia , Thessaloniki,17713,11,963,178,767,,,,,
roadways,Sofia , Skopje,4882,8,586,130,1412,,,,,
roadways,Athens , Patras,11605,6,835,124,975,,,,,
roadways,Paris , Frankfurt,9067,11,987,184,911,,,,,
roadways,Budapest , Bucharest,13604,8,956,66,591,,,,,
roadways,Amsterdam , Brussels,15789,9,769,131,1015,,,,,
roadways,Milan , Munich,13949,12,894,124,791,,,,,
roadways,Belgrade , Skopje,3168,8,601,194,1063,,,,,
roadways,Munich , Vienna,9017,9,521,185,598,,,,,
roadways,Budapest , Zagreb,9006,6,794,116,423,,,,,
roadways,Frankfurt , Munich,10215,12,838,179,777,,,,,
roadways,Paris , Rennes,17010,8,580,155,352,,,,,
roadways,Paris , London,8328,10,995,177,978,,,,,
roadways,Sofia , Thessaloniki,17177,9,701,116,1041,,,,,
roadways,Copenhagen , Oslo,15874,8,861,175,1113,,,,,
roadways,Munich , Vienna,12869,11,722,129,860,,,,,
roadways,Prague , Warsaw,13569,11,566,131,705,,,,,
roadways,Bialystok , Vilnius,4438,9,655,53,1001,,,,,
roadways,Cologne , Berlin,12294,7,748,90,883,,,,,
roadways,Stockholm , Östersund,7128,10,587,163,1377,,,,,
roadways,Vienna , Budapest,7985,6,713,189,997,,,,,
roadways,Helsinki , Rovaniemi,16899,7,701,79,470,,,,,
roadways,Bialystok , Vilnius,15359,11,620,180,777,,,,,
roadways,Prague , Warsaw,14043,11,937,158,799,,,,,
roadways,Zagreb , Belgrade,3474,9,580,142,474,,,,,
roadways,Vienna , Budapest,8128,6,558,140,932,,,,,
roadways,Hamburg , Munich,10462,9,992,174,856,,,,,
roadways,Skopje , Thessaloniki,11492,11,979,200,666,,,,,
roadways,Bologna , Florence,14989,12,539,127,1094,,,,,
roadways,Copenhagen , Stockholm,3442,9,761,190,492,,,,,
roadways,Helsinki , Rovaniemi,11298,10,639,98,562,,,,,
roadways,Ljubljana , Zagreb,4721,11,681,62,899,,,,,
roadways,Frankfurt , Hamburg,10357,11,966,54,938,,,,,
roadways,Venice , Ljubljana,14454,7,821,54,967,,,,,
roadways,Copenhagen , Oslo,16983,12,761,54,308,,,,,
roadways,Budapest , Bucharest,6540,12,969,192,377,,,,,
roadways,Amsterdam , Berlin,5075,7,701,153,1465,,,,,
roadways,Lyon , Bern,9414,6,604,194,1192,,,,,
roadways,Hamburg , Munich,10229,10,968,55,1498,,,,,
roadways,Hamburg , Munich,8028,7,701,168,928,,,,,
roadways,Amsterdam , Cologne,5618,6,937,80,798,,,,,
roadways,Paris , London,6925,10,578,57,1386,,,,,
roadways,Berlin , Hamburg,17584,12,879,91,1387,,,,,
roadways,Budapest , Ljubljana,5622,6,833,63,1132,,,,,
roadways,Berlin , Prague,16839,8,996,98,566,,,,,
roadways,Vienna , Warsaw,7844,9,841,50,1180,,,,,
roadways,Budapest , Zagreb,13236,9,567,89,676,,,,,
roadways,Vienna , Venice,5872,9,727,193,1482,,,,,
roadways,Amsterdam , Berlin,5590,10,955,90,557,,,,,
roadways,Hilsinki , Turku,8175,8,802,145,1433,,,,,
roadways,Paris , London,7355,9,675,111,577,,,,,
roadways,Thessaloniki , Athens,9337,6,592,166,980,,,,,
roadways,Amsterdam , Cologne,8559,8,813,70,1227,,,,,
roadways,Paris , Frankfurt,12858,12,569,152,739,,,,,
roadways,Vienna , Venice,7343,7,884,47,480,,,,,
roadways,Paris , Lyon,9942,8,858,114,607,,,,,
roadways,Sofia , Thessaloniki,15273,8,744,141,1233,,,,,
roadways,Paris , Rennes,11179,6,960,182,1137,,,,,
roadways,Oslo , Bergen,14571,11,672,91,687,,,,,
roadways,Skopje , Thessaloniki,8940,8,928,61,320,,,,,
roadways,Paris , London,9838,10,701,166,1495,,,,,
roadways,Paris , Frankfurt,12007,9,789,71,694,,,,,
roadways,Helsinki , Rovaniemi,16254,11,587,144,326,,,,,
roadways,Vienna , Venice,14259,8,787,92,481,,,,,
roadways,Paris , Bordeaux,17060,10,972,45,847,,,,,
roadways,Vienna , Venice,7221,11,693,69,667,,,,,
roadways,Belgrade , Bucharest,10225,11,889,72,1092,,,,,
roadways,Bialystok , Vilnius,16224,7,684,169,568,,,,,
roadways,Milan , Munich,16903,8,567,191,995,,,,,
roadways,Brussels , London,15907,6,912,40,844,,,,,
roadways,Bologna , Florence,15838,10,620,127,1443,,,,,
roadways,Oslo , Bergen,9813,7,624,148,1436,,,,,
roadways,Belgrade , Skopje,11287,6,645,158,990,,,,,
roadways,Prague , Vienna,7254,11,897,51,530,,,,,
roadways,Paris , Lyon,13928,8,716,118,909,,,,,
roadways,Vienna , Budapest,9641,10,913,148,1100,,,,,
roadways,Venice , Ljubljana,9700,11,617,82,917,,,,,
roadways,Sofia , Istanbul,15433,8,507,66,1460,,,,,
roadways,Vienna , Warsaw,13514,9,919,190,522,,,,,
roadways,Brussels , London,11000,8,790,102,1360,,,,,
roadways,Vienna , Warsaw,7388,12,706,187,611,,,,,
roadways,Venice , Ljubljana,4886,7,672,192,745,,,,,
roadways,Belgrade , Skopje,16637,7,528,129,1487,,,,,
roadways,Budapest , Ljubljana,12832,9,974,147,523,,,,,
roadways,Brussels , Paris,7303,12,748,187,498,,,,,
roadways,Thessaloniki , Athens,6561,7,741,178,548,,,,,
roadways,Stockholm , Kiruna,9298,8,905,153,302,,,,,
roadways,Hamburg , Copenhagen,10908,6,799,98,1302,,,,,
roadways,Copenhagen , Oslo,5698,6,890,52,308,,,,,
roadways,Berlin , Prague,3529,7,798,195,329,,,,,
roadways,Thessaloniki , Athens,5457,11,614,198,1351,,,,,
roadways,Vienna , Venice,14909,10,540,167,354,,,,,
roadways,Paris , Frankfurt,3131,7,751,154,762,,,,,
roadways,Paris , London,7075,8,541,80,620,,,,,
roadways,Belgrade , Bucharest,10735,8,762,166,1289,,,,,
roadways,Paris , London,5220,12,905,176,1497,,,,,
roadways,Zagreb , Split,6151,7,965,198,973,,,,,
roadways,Stockholm , Oslo,14706,9,915,104,602,,,,,
roadways,Zagreb , Split,4644,11,762,110,731,,,,,
roadways,Sofia , Thessaloniki,4287,7,510,78,979,,,,,
roadways,Östersund , Trontheim,9765,9,956,187,674,,,,,
roadways,Milan , Munich,9928,9,787,74,1072,,,,,
roadways,Paris , Frankfurt,10368,7,842,98,389,,,,,
roadways,Brussels , Cologne,7479,6,794,200,310,,,,,
roadways,Vienna , Warsaw,4854,12,791,127,1185,,,,,
roadways,Berlin , Prague,4041,8,956,169,1119,,,,,
roadways,Frankfurt , Bern,4722,6,901,156,984,,,,,
roadways,Vienna , Budapest,5209,7,727,58,327,,,,,
roadways,Hamburg , Munich,3723,7,922,141,537,,,,,
roadways,Thessaloniki , Athens,14436,12,761,182,1436,,,,,
roadways,Munich , Prague,9493,7,730,142,368,,,,,
roadways,Berlin , Munich,6837,11,653,147,1231,,,,,
roadways,Prague , Vienna,12827,9,690,112,819,,,,,
roadways,Zagreb , Split,5396,6,513,57,972,,,,,
roadways,Budapest , Bucharest,12474,8,568,119,1328,,,,,
roadways,Belgrade , Bucharest,7893,7,596,198,861,,,,,
roadways,Paris , London,6029,11,863,132,587,,,,,
roadways,Vienna , Venice,7606,7,904,171,1383,,,,,
roadways,Frankfurt , Bern,17896,6,745,151,1499,,,,,
roadways,Munich , Vienna,4708,8,949,97,1414,,,,,
roadways,Berlin , Prague,11839,7,632,98,888,,,,,
roadways,Paris , Frankfurt,8406,7,561,86,950,,,,,
roadways,Sofia , Thessaloniki,12227,7,740,109,1431,,,,,
roadways,Amsterdam , Brussels,16430,11,840,80,770,,,,,
roadways,Frankfurt , Bern,3214,12,616,78,430,,,,,
roadways,Zagreb , Belgrade,5065,12,739,51,306,,,,,
roadways,Venice , Ljubljana,8691,12,636,153,826,,,,,
roadways,Paris , Lyon,3877,10,904,159,527,,,,,
roadways,Amsterdam , Berlin,10654,11,709,41,660,,,,,
roadways,Amsterdam , Cologne,8412,8,840,88,794,,,,,
roadways,Östersund , Trontheim,17692,7,541,51,743,,,,,
roadways,Vienna , Warsaw,5202,9,877,118,1272,,,,,
roadways,Berlin , Hamburg,13403,11,775,90,1360,,,,,
roadways,Amsterdam , Brussels,6922,12,573,45,564,,,,,
roadways,Budapest , Ljubljana,3838,9,931,188,1199,,,,,
roadways,Östersund , Trontheim,4879,11,655,57,397,,,,,
roadways,Venice , Ljubljana,14278,8,725,123,1208,,,,,
roadways,Prague , Vienna,16139,11,847,44,1204,,,,,
roadways,Amsterdam , Cologne,17816,11,990,94,774,,,,,
roadways,Vienna , Budapest,3282,10,984,91,808,,,,,
roadways,Ljubljana , Zagreb,15636,10,796,178,1417,,,,,
roadways,Berlin , Munich,11086,8,759,133,420,,,,,
roadways,Berlin , Hamburg,11987,12,609,75,884,,,,,
roadways,Berlin , Warsaw,13270,7,891,100,729,,,,,
roadways,Vienna , Warsaw,12755,8,541,91,1495,,,,,
roadways,Milan , Munich,14745,6,934,111,639,,,,,
roadways,Sofia , Istanbul,15138,7,762,185,604,,,,,
roadways,Berlin , Warsaw,11052,12,949,164,1075,,,,,
roadways,Paris , Rennes,9575,10,854,182,925,,,,,
roadways,Paris , Rennes,12629,8,960,61,974,,,,,
roadways,Berlin , Munich,16166,7,580,195,483,,,,,
roadways,Prague , Warsaw,15182,6,987,104,353,,,,,
roadways,Cologne , Frankfurt,17386,10,871,77,796,,,,,
roadways,Munich , Prague,6196,6,747,134,1361,,,,,
roadways,Belgrade , Bucharest,17318,12,607,132,992,,,,,
roadways,Sofia , Skopje,5482,10,779,177,1212,,,,,
roadways,Berlin , Munich,13994,11,697,156,1250,,,,,
roadways,Berlin , Prague,12487,9,504,193,892,,,,,
roadways,Paris , Rennes,12625,7,867,107,369,,,,,
roadways,Budapest , Belgrade,12623,9,833,55,1477,,,,,
roadways,Athens , Patras,9873,6,545,165,1421,,,,,
roadways,Paris , Frankfurt,14726,8,574,80,1296,,,,,
roadways,Prague , Vienna,16118,7,974,173,1031,,,,,
roadways,Berlin , Warsaw,8526,8,918,93,1028,,,,,
roadways,Stockholm , Kiruna,9419,7,856,64,497,,,,,
roadways,Berlin , Hamburg,17571,12,899,105,376,,,,,
roadways,Paris , Rennes,10608,12,715,135,533,,,,,
roadways,Paris , London,8987,6,635,191,730,,,,,
roadways,Athens , Patras,8826,10,520,165,811,,,,,
roadways,Brussels , Cologne,7614,11,884,180,768,,,,,
roadways,Amsterdam , Brussels,15264,12,647,115,1026,,,,,
roadways,Helsinki , Rovaniemi,15143,10,819,145,453,,,,,
roadways,Frankfurt , Munich,6993,11,889,41,1446,,,,,
roadways,Copenhagen , Stockholm,11529,11,781,113,1385,,,,,
roadways,Ljubljana , Zagreb,8721,6,994,103,1134,,,,,
roadways,Athens , Patras,7095,8,810,165,867,,,,,
roadways,Sofia , Istanbul,4525,9,520,175,414,,,,,
roadways,Cologne , Berlin,7208,12,909,116,489,,,,,
roadways,Bucharest , Sofia,10353,10,842,46,782,,,,,
roadways,Östersund , Trontheim,9619,12,754,52,512,,,,,
roadways,Hamburg , Munich,13766,8,793,162,1173,,,,,
roadways,Zagreb , Belgrade,11994,7,659,44,1022,,,,,
roadways,Sofia , Thessaloniki,6327,7,940,126,405,,,,,
roadways,Athens , Patras,9403,10,765,139,1256,,,,,
roadways,Stockholm , Östersund,14946,6,917,49,1255,,,,,
roadways,Frankfurt , Hamburg,16321,7,608,144,1043,,,,,
roadways,Paris , Frankfurt,6337,7,592,143,928,,,,,
roadways,Vienna , Warsaw,12171,12,719,179,1006,,,,,
roadways,Sofia , Skopje,3259,7,554,95,453,,,,,
roadways,Stockholm , Östersund,4098,6,573,60,1409,,,,,
roadways,Budapest , Zagreb,4281,9,963,62,1289,,,,,
roadways,Munich , Vienna,15179,9,925,192,1083,,,,,
roadways,Budapest , Ljubljana,17446,10,521,182,474,,,,,
roadways,Frankfurt , Hamburg,7786,11,808,173,1367,,,,,
roadways,Hamburg , Munich,3757,6,578,181,1264,,,,,
roadways,Brussels , Cologne,8781,6,813,198,515,,,,,
roadways,Hamburg , Copenhagen,15528,11,785,45,881,,,,,
roadways,Skopje , Thessaloniki,9405,7,631,189,1346,,,,,
roadways,Berlin , Munich,6073,10,902,64,674,,,,,
roadways,Zagreb , Belgrade,12438,12,968,115,1164,,,,,
roadways,Paris , Frankfurt,11331,10,662,113,1167,,,,,
roadways,Stockholm , Östersund,10833,8,587,109,811,,,,,
roadways,Bologna , Florence,11734,6,566,96,1225,,,,,
roadways,Amsterdam , Cologne,7995,8,547,60,1043,,,,,
roadways,Brussels , London,11052,10,636,188,475,,,,,
roadways,Budapest , Bucharest,10722,8,930,80,1356,,,,,
roadways,Milan , Munich,17180,6,816,49,1208,,,,,
roadways,Vienna , Venice,7801,7,899,198,438,,,,,
roadways,Bologna , Florence,15248,12,520,56,1124,,,,,
roadways,Sofia , Skopje,4764,9,663,127,355,,,,,
roadways,Stockholm , Östersund,12002,7,672,198,452,,,,,
roadways,Stockholm , Östersund,14410,10,741,113,364,,,,,
roadways,Budapest , Ljubljana,14248,10,619,126,796,,,,,
roadways,Bialystok , Vilnius,3088,12,643,195,585,,,,,
roadways,Belgrade , Bucharest,13184,12,886,189,836,,,,,
roadways,Belgrade , Skopje,14235,9,753,150,602,,,,,
roadways,Munich , Vienna,16129,8,777,109,863,,,,,
roadways,Thessaloniki , Athens,7817,11,569,86,743,,,,,
roadways,Copenhagen , Stockholm,10111,8,790,185,320,,,,,
roadways,Skopje , Thessaloniki,17525,9,995,155,1495,,,,,
roadways,Östersund , Trontheim,13989,8,686,166,1167,,,,,
roadways,Copenhagen , Stockholm,9505,11,516,148,1082,,,,,
roadways,Oslo , Bergen,7752,9,717,41,735,,,,,
roadways,Belgrade , Sofia,14380,8,959,91,1271,,,,,
roadways,Berlin , Munich,15098,10,909,54,905,,,,,
roadways,Venice , Ljubljana,13637,9,836,55,690,,,,,
roadways,Vienna , Budapest,16073,11,758,178,1405,,,,,
roadways,Amsterdam , Cologne,9433,6,690,93,1378,,,,,
roadways,Brussels , London,16208,10,759,145,574,,,,,
roadways,Belgrade , Sofia,14991,11,899,108,1322,,,,,
roadways,Munich , Prague,15198,6,817,96,804,,,,,
roadways,Prague , Vienna,16267,12,712,138,1294,,,,,
roadways,Thessaloniki , Athens,12666,6,841,156,749,,,,,
roadways,Budapest , Bucharest,4854,7,793,116,769,,,,,
roadways,Amsterdam , Cologne,14633,9,706,155,563,,,,,
roadways,Berlin , Munich,4453,7,637,126,1322,,,,,
roadways,Berlin , Prague,8780,6,901,152,1073,,,,,
roadways,Belgrade , Bucharest,17443,12,688,74,376,,,,,
roadways,Brussels , Paris,9865,7,554,182,339,,,,,
roadways,Brussels , Cologne,8657,9,985,92,495,,,,,
roadways,Munich , Prague,13307,11,652,172,1390,,,,,
roadways,Munich , Vienna,17150,7,591,157,1028,,,,,
roadways,Belgrade , Sofia,10954,11,559,158,1264,,,,,
roadways,Prague , Vienna,15127,10,808,159,1287,,,,,
roadways,Belgrade , Sofia,16028,10,699,143,1353,,,,,
roadways,Vienna , Venice,7094,11,709,198,342,,,,,
roadways,Cologne , Berlin,11158,6,746,60,745,,,,,
roadways,Milan , Munich,13921,7,681,164,1307,,,,,
roadways,Stockholm , Oslo,8157,8,791,71,424,,,,,
roadways,Frankfurt , Hamburg,13669,12,896,150,311,,,,,
roadways,Brussels , London,12081,7,978,167,641,,,,,
roadways,Sofia , Skopje,8966,9,693,127,710,,,,,
roadways,Hamburg , Copenhagen,17604,6,719,152,1379,,,,,
roadways,Brussels , Paris,14164,12,691,182,1370,,,,,
roadways,Budapest , Bucharest,9159,11,848,121,425,,,,,
roadways,Zagreb , Belgrade,8461,10,672,138,473,,,,,
roadways,Vienna , Warsaw,7024,7,519,84,1143,,,,,
roadways,Bucharest , Sofia,6261,11,965,109,1197,,,,,
roadways,Bialystok , Vilnius,11921,12,663,96,952,,,,,
roadways,Frankfurt , Bern,15610,8,607,97,695,,,,,
roadways,Amsterdam , Brussels,6854,9,613,43,413,,,,,
roadways,Budapest , Ljubljana,11195,7,515,76,704,,,,,
roadways,Amsterdam , Cologne,8959,11,758,132,1433,,,,,
roadways,Oslo , Bergen,12146,6,866,54,600,,,,,
railways,Brussels , London,3910,8,1456,73,1261,,,,,
railways,Prague , Warsaw,11971,12,1578,22,663,,,,,
railways,Brussels , London,17526,11,1590,27,996,,,,,
railways,Hilsinki , Turku,13835,8,1074,76,1192,,,,,
railways,Copenhagen , Stockholm,15859,6,1936,90,455,,,,,
railways,Hamburg , Munich,5389,11,1684,36,781,,,,,
railways,Zagreb , Belgrade,7938,6,1520,77,381,,,,,
railways,Vienna , Budapest,10418,8,1024,55,428,,,,,
railways,Cologne , Frankfurt,10519,6,1054,88,549,,,,,
railways,Helsinki , Rovaniemi,3767,11,1320,57,412,,,,,
railways,Venice , Ljubljana,3235,6,1342,76,531,,,,,
railways,Hilsinki , Turku,16602,6,1460,61,286,,,,,
railways,Amsterdam , Brussels,17900,6,1022,34,1007,,,,,
railways,Vienna , Venice,15884,11,1006,39,284,,,,,
railways,Berlin , Munich,13948,12,1092,81,604,,,,,
railways,Östersund , Trontheim,10841,11,1332,89,283,,,,,
railways,Frankfurt , Bern,9947,7,1924,88,828,,,,,
railways,Brussels , Cologne,15790,11,1716,53,774,,,,,
railways,Budapest , Bucharest,7882,8,1526,76,607,,,,,
railways,Berlin , Hamburg,17132,6,1040,59,288,,,,,
railways,Sofia , Thessaloniki,9544,9,1442,26,646,,,,,
railways,Frankfurt , Bern,3646,7,1656,45,676,,,,,
railways,Prague , Vienna,10630,8,1718,84,852,,,,,
railways,Munich , Prague,5714,8,1114,40,735,,,,,
railways,Munich , Prague,6186,10,1832,90,784,,,,,
railways,Budapest , Zagreb,17506,6,1796,86,814,,,,,
railways,Frankfurt , Munich,16605,8,1640,78,407,,,,,
railways,Paris , Lyon,12378,12,1182,82,380,,,,,
railways,Copenhagen , Oslo,3330,6,1928,71,659,,,,,
railways,Budapest , Ljubljana,6005,10,1428,74,1002,,,,,
railways,Skopje , Thessaloniki,13503,8,1094,64,710,,,,,
railways,Vienna , Budapest,10981,7,1034,95,829,,,,,
railways,Zagreb , Belgrade,7352,9,1122,64,843,,,,,
railways,Brussels , Paris,17948,9,1556,58,628,,,,,
railways,Paris , Rennes,16541,10,1348,28,495,,,,,
railways,Hilsinki , Turku,17121,6,1748,80,702,,,,,
railways,Paris , Lyon,3729,9,1430,27,1319,,,,,
railways,Paris , London,8922,6,1500,77,704,,,,,
railways,Budapest , Bucharest,8734,6,1516,91,619,,,,,
railways,Berlin , Munich,9574,12,1736,54,421,,,,,
railways,Hamburg , Munich,14074,10,1716,23,1175,,,,,
railways,Budapest , Ljubljana,13705,12,1756,78,1220,,,,,
railways,Paris , Rennes,13299,6,1012,54,384,,,,,
railways,Sofia , Skopje,13829,12,1466,95,1302,,,,,
railways,Zagreb , Belgrade,7949,6,1436,56,804,,,,,
railways,Frankfurt , Hamburg,5688,10,1620,97,852,,,,,
railways,Stockholm , Kiruna,12703,10,1970,56,1067,,,,,
railways,Vienna , Warsaw,17370,10,1780,51,879,,,,,
railways,Paris , Frankfurt,10963,6,1246,64,959,,,,,
railways,Vienna , Warsaw,14544,9,1556,52,284,,,,,
railways,Vienna , Budapest,6028,9,1582,40,522,,,,,
railways,Brussels , Paris,13839,10,1944,52,1108,,,,,
railways,Copenhagen , Oslo,16838,6,1814,66,934,,,,,
railways,Hamburg , Copenhagen,17398,11,1122,75,711,,,,,
railways,Stockholm , Östersund,3084,9,1542,60,1162,,,,,
railways,Paris , London,9596,7,1018,56,1117,,,,,
railways,Sofia , Thessaloniki,17713,11,1926,89,682,,,,,
railways,Sofia , Skopje,4882,8,1172,65,1255,,,,,
railways,Athens , Patras,11605,6,1670,62,867,,,,,
railways,Paris , Frankfurt,9067,11,1974,92,810,,,,,
railways,Budapest , Bucharest,13604,8,1912,33,525,,,,,
railways,Amsterdam , Brussels,15789,9,1538,66,902,,,,,
railways,Milan , Munich,13949,12,1788,62,703,,,,,
railways,Belgrade , Skopje,3168,8,1202,97,945,,,,,
railways,Munich , Vienna,9017,9,1042,93,532,,,,,
railways,Budapest , Zagreb,9006,6,1588,58,376,,,,,
railways,Frankfurt , Munich,10215,12,1676,90,691,,,,,
railways,Paris , Rennes,17010,8,1160,78,313,,,,,
railways,Paris , London,8328,10,1990,89,869,,,,,
railways,Sofia , Thessaloniki,17177,9,1402,58,925,,,,,
railways,Copenhagen , Oslo,15874,8,1722,88,989,,,,,
railways,Munich , Vienna,12869,11,1444,65,764,,,,,
railways,Prague , Warsaw,13569,11,1132,66,627,,,,,
railways,Bialystok , Vilnius,4438,9,1310,27,890,,,,,
railways,Cologne , Berlin,12294,7,1496,45,785,,,,,
railways,Stockholm , Östersund,7128,10,1174,82,1224,,,,,
railways,Vienna , Budapest,7985,6,1426,95,886,,,,,
railways,Helsinki , Rovaniemi,16899,7,1402,40,418,,,,,
railways,Bialystok , Vilnius,15359,11,1240,90,691,,,,,
railways,Prague , Warsaw,14043,11,1874,79,710,,,,,
railways,Zagreb , Belgrade,3474,9,1160,71,421,,,,,
railways,Vienna , Budapest,8128,6,1116,70,828,,,,,
railways,Hamburg , Munich,10462,9,1984,87,761,,,,,
railways,Skopje , Thessaloniki,11492,11,1958,100,592,,,,,
railways,Bologna , Florence,14989,12,1078,64,972,,,,,
railways,Copenhagen , Stockholm,3442,9,1522,95,437,,,,,
railways,Helsinki , Rovaniemi,11298,10,1278,49,500,,,,,
railways,Ljubljana , Zagreb,4721,11,1362,31,799,,,,,
railways,Frankfurt , Hamburg,10357,11,1932,27,834,,,,,
railways,Venice , Ljubljana,14454,7,1642,27,860,,,,,
railways,Copenhagen , Oslo,16983,12,1522,27,274,,,,,
railways,Budapest , Bucharest,6540,12,1938,96,335,,,,,
railways,Amsterdam , Berlin,5075,7,1402,77,1302,,,,,
railways,Lyon , Bern,9414,6,1208,97,1060,,,,,
railways,Hamburg , Munich,10229,10,1936,28,1332,,,,,
railways,Hamburg , Munich,8028,7,1402,84,825,,,,,
railways,Amsterdam , Cologne,5618,6,1874,40,709,,,,,
railways,Paris , London,6925,10,1156,29,1232,,,,,
railways,Berlin , Hamburg,17584,12,1758,46,1233,,,,,
railways,Budapest , Ljubljana,5622,6,1666,32,1006,,,,,
railways,Berlin , Prague,16839,8,1992,49,503,,,,,
railways,Vienna , Warsaw,7844,9,1682,25,1049,,,,,
railways,Budapest , Zagreb,13236,9,1134,45,601,,,,,
railways,Vienna , Venice,5872,9,1454,97,1317,,,,,
railways,Amsterdam , Berlin,5590,10,1910,45,495,,,,,
railways,Hilsinki , Turku,8175,8,1604,73,1274,,,,,
railways,Paris , London,7355,9,1350,56,513,,,,,
railways,Thessaloniki , Athens,9337,6,1184,83,871,,,,,
railways,Amsterdam , Cologne,8559,8,1626,35,1091,,,,,
railways,Paris , Frankfurt,12858,12,1138,76,657,,,,,
railways,Vienna , Venice,7343,7,1768,24,427,,,,,
railways,Paris , Lyon,9942,8,1716,57,540,,,,,
railways,Sofia , Thessaloniki,15273,8,1488,71,1096,,,,,
railways,Paris , Rennes,11179,6,1920,91,1011,,,,,
railways,Oslo , Bergen,14571,11,1344,46,611,,,,,
railways,Skopje , Thessaloniki,8940,8,1856,31,284,,,,,
railways,Paris , London,9838,10,1402,83,1329,,,,,
railways,Paris , Frankfurt,12007,9,1578,36,617,,,,,
railways,Helsinki , Rovaniemi,16254,11,1174,72,290,,,,,
railways,Vienna , Venice,14259,8,1574,46,428,,,,,
railways,Paris , Bordeaux,17060,10,1944,23,753,,,,,
railways,Vienna , Venice,7221,11,1386,35,593,,,,,
railways,Belgrade , Bucharest,10225,11,1778,36,971,,,,,
railways,Bialystok , Vilnius,16224,7,1368,85,505,,,,,
railways,Milan , Munich,16903,8,1134,96,884,,,,,
railways,Brussels , London,15907,6,1824,20,750,,,,,
railways,Bologna , Florence,15838,10,1240,64,1283,,,,,
railways,Oslo , Bergen,9813,7,1248,74,1276,,,,,
railways,Belgrade , Skopje,11287,6,1290,79,880,,,,,
railways,Prague , Vienna,7254,11,1794,26,471,,,,,
railways,Paris , Lyon,13928,8,1432,59,808,,,,,
railways,Vienna , Budapest,9641,10,1826,74,978,,,,,
railways,Venice , Ljubljana,9700,11,1234,41,815,,,,,
railways,Sofia , Istanbul,15433,8,1014,33,1298,,,,,
railways,Vienna , Warsaw,13514,9,1838,95,464,,,,,
railways,Brussels , London,11000,8,1580,51,1209,,,,,
railways,Vienna , Warsaw,7388,12,1412,94,543,,,,,
railways,Venice , Ljubljana,4886,7,1344,96,662,,,,,
railways,Belgrade , Skopje,16637,7,1056,65,1322,,,,,
railways,Budapest , Ljubljana,12832,9,1948,74,465,,,,,
railways,Brussels , Paris,7303,12,1496,94,443,,,,,
railways,Thessaloniki , Athens,6561,7,1482,89,487,,,,,
railways,Stockholm , Kiruna,9298,8,1810,77,268,,,,,
railways,Hamburg , Copenhagen,10908,6,1598,49,1157,,,,,
railways,Copenhagen , Oslo,5698,6,1780,26,274,,,,,
railways,Berlin , Prague,3529,7,1596,98,292,,,,,
railways,Thessaloniki , Athens,5457,11,1228,99,1201,,,,,
railways,Vienna , Venice,14909,10,1080,84,315,,,,,
railways,Paris , Frankfurt,3131,7,1502,77,677,,,,,
railways,Paris , London,7075,8,1082,40,551,,,,,
railways,Belgrade , Bucharest,10735,8,1524,83,1146,,,,,
railways,Paris , London,5220,12,1810,88,1331,,,,,
railways,Zagreb , Split,6151,7,1930,99,865,,,,,
railways,Stockholm , Oslo,14706,9,1830,52,535,,,,,
railways,Zagreb , Split,4644,11,1524,55,650,,,,,
railways,Sofia , Thessaloniki,4287,7,1020,39,870,,,,,
railways,Östersund , Trontheim,9765,9,1912,94,599,,,,,
railways,Milan , Munich,9928,9,1574,37,953,,,,,
railways,Paris , Frankfurt,10368,7,1684,49,346,,,,,
railways,Brussels , Cologne,7479,6,1588,100,276,,,,,
railways,Vienna , Warsaw,4854,12,1582,64,1053,,,,,
railways,Berlin , Prague,4041,8,1912,85,995,,,,,
railways,Frankfurt , Bern,4722,6,1802,78,875,,,,,
railways,Vienna , Budapest,5209,7,1454,29,291,,,,,
railways,Hamburg , Munich,3723,7,1844,71,477,,,,,
railways,Thessaloniki , Athens,14436,12,1522,91,1276,,,,,
railways,Munich , Prague,9493,7,1460,71,327,,,,,
railways,Berlin , Munich,6837,11,1306,74,1094,,,,,
railways,Prague , Vienna,12827,9,1380,56,728,,,,,
railways,Zagreb , Split,5396,6,1026,29,864,,,,,
railways,Budapest , Bucharest,12474,8,1136,60,1180,,,,,
railways,Belgrade , Bucharest,7893,7,1192,99,765,,,,,
railways,Paris , London,6029,11,1726,66,522,,,,,
railways,Vienna , Venice,7606,7,1808,86,1229,,,,,
railways,Frankfurt , Bern,17896,6,1490,76,1332,,,,,
railways,Munich , Vienna,4708,8,1898,49,1257,,,,,
railways,Berlin , Prague,11839,7,1264,49,789,,,,,
railways,Paris , Frankfurt,8406,7,1122,43,844,,,,,
railways,Sofia , Thessaloniki,12227,7,1480,55,1272,,,,,
railways,Amsterdam , Brussels,16430,11,1680,40,684,,,,,
railways,Frankfurt , Bern,3214,12,1232,39,382,,,,,
railways,Zagreb , Belgrade,5065,12,1478,26,272,,,,,
railways,Venice , Ljubljana,8691,12,1272,77,734,,,,,
railways,Paris , Lyon,3877,10,1808,80,468,,,,,
railways,Amsterdam , Berlin,10654,11,1418,21,587,,,,,
railways,Amsterdam , Cologne,8412,8,1680,44,706,,,,,
railways,Östersund , Trontheim,17692,7,1082,26,660,,,,,
railways,Vienna , Warsaw,5202,9,1754,59,1131,,,,,
railways,Berlin , Hamburg,13403,11,1550,45,1209,,,,,
railways,Amsterdam , Brussels,6922,12,1146,23,501,,,,,
railways,Budapest , Ljubljana,3838,9,1862,94,1066,,,,,
railways,Östersund , Trontheim,4879,11,1310,29,353,,,,,
railways,Venice , Ljubljana,14278,8,1450,62,1074,,,,,
railways,Prague , Vienna,16139,11,1694,22,1070,,,,,
railways,Amsterdam , Cologne,17816,11,1980,47,688,,,,,
railways,Vienna , Budapest,3282,10,1968,46,718,,,,,
railways,Ljubljana , Zagreb,15636,10,1592,89,1260,,,,,
railways,Berlin , Munich,11086,8,1518,67,373,,,,,
railways,Berlin , Hamburg,11987,12,1218,38,786,,,,,
railways,Berlin , Warsaw,13270,7,1782,50,648,,,,,
railways,Vienna , Warsaw,12755,8,1082,46,1329,,,,,
railways,Milan , Munich,14745,6,1868,56,568,,,,,
railways,Sofia , Istanbul,15138,7,1524,93,537,,,,,
railways,Berlin , Warsaw,11052,12,1898,82,956,,,,,
railways,Paris , Rennes,9575,10,1708,91,822,,,,,
railways,Paris , Rennes,12629,8,1920,31,866,,,,,
railways,Berlin , Munich,16166,7,1160,98,429,,,,,
railways,Prague , Warsaw,15182,6,1974,52,314,,,,,
railways,Cologne , Frankfurt,17386,10,1742,39,708,,,,,
railways,Munich , Prague,6196,6,1494,67,1210,,,,,
railways,Belgrade , Bucharest,17318,12,1214,66,882,,,,,
railways,Sofia , Skopje,5482,10,1558,89,1077,,,,,
railways,Berlin , Munich,13994,11,1394,78,1111,,,,,
railways,Berlin , Prague,12487,9,1008,97,793,,,,,
railways,Paris , Rennes,12625,7,1734,54,328,,,,,
railways,Budapest , Belgrade,12623,9,1666,28,1313,,,,,
railways,Athens , Patras,9873,6,1090,83,1263,,,,,
railways,Paris , Frankfurt,14726,8,1148,40,1152,,,,,
railways,Prague , Vienna,16118,7,1948,87,916,,,,,
railways,Berlin , Warsaw,8526,8,1836,47,914,,,,,
railways,Stockholm , Kiruna,9419,7,1712,32,442,,,,,
railways,Berlin , Hamburg,17571,12,1798,53,334,,,,,
railways,Paris , Rennes,10608,12,1430,68,474,,,,,
railways,Paris , London,8987,6,1270,96,649,,,,,
railways,Athens , Patras,8826,10,1040,83,721,,,,,
railways,Brussels , Cologne,7614,11,1768,90,683,,,,,
railways,Amsterdam , Brussels,15264,12,1294,58,912,,,,,
railways,Helsinki , Rovaniemi,15143,10,1638,73,403,,,,,
railways,Frankfurt , Munich,6993,11,1778,21,1285,,,,,
railways,Copenhagen , Stockholm,11529,11,1562,57,1231,,,,,
railways,Ljubljana , Zagreb,8721,6,1988,52,1008,,,,,
railways,Athens , Patras,7095,8,1620,83,771,,,,,
railways,Sofia , Istanbul,4525,9,1040,88,368,,,,,
railways,Cologne , Berlin,7208,12,1818,58,435,,,,,
railways,Bucharest , Sofia,10353,10,1684,23,695,,,,,
railways,Östersund , Trontheim,9619,12,1508,26,455,,,,,
railways,Hamburg , Munich,13766,8,1586,81,1043,,,,,
railways,Zagreb , Belgrade,11994,7,1318,22,908,,,,,
railways,Sofia , Thessaloniki,6327,7,1880,63,360,,,,,
railways,Athens , Patras,9403,10,1530,70,1116,,,,,
railways,Stockholm , Östersund,14946,6,1834,25,1116,,,,,
railways,Frankfurt , Hamburg,16321,7,1216,72,927,,,,,
railways,Paris , Frankfurt,6337,7,1184,72,825,,,,,
railways,Vienna , Warsaw,12171,12,1438,90,894,,,,,
railways,Sofia , Skopje,3259,7,1108,48,403,,,,,
railways,Stockholm , Östersund,4098,6,1146,30,1252,,,,,
railways,Budapest , Zagreb,4281,9,1926,31,1146,,,,,
railways,Munich , Vienna,15179,9,1850,96,963,,,,,
railways,Budapest , Ljubljana,17446,10,1042,91,421,,,,,
railways,Frankfurt , Hamburg,7786,11,1616,87,1215,,,,,
railways,Hamburg , Munich,3757,6,1156,91,1124,,,,,
railways,Brussels , Cologne,8781,6,1626,99,458,,,,,
railways,Hamburg , Copenhagen,15528,11,1570,23,783,,,,,
railways,Skopje , Thessaloniki,9405,7,1262,95,1196,,,,,
railways,Berlin , Munich,6073,10,1804,32,599,,,,,
railways,Zagreb , Belgrade,12438,12,1936,58,1035,,,,,
railways,Paris , Frankfurt,11331,10,1324,57,1037,,,,,
railways,Stockholm , Östersund,10833,8,1174,55,721,,,,,
railways,Bologna , Florence,11734,6,1132,48,1089,,,,,
railways,Amsterdam , Cologne,7995,8,1094,30,927,,,,,
railways,Brussels , London,11052,10,1272,94,422,,,,,
railways,Budapest , Bucharest,10722,8,1860,40,1205,,,,,
railways,Milan , Munich,17180,6,1632,25,1074,,,,,
railways,Vienna , Venice,7801,7,1798,99,389,,,,,
railways,Bologna , Florence,15248,12,1040,28,999,,,,,
railways,Sofia , Skopje,4764,9,1326,64,316,,,,,
railways,Stockholm , Östersund,12002,7,1344,99,402,,,,,
railways,Stockholm , Östersund,14410,10,1482,57,324,,,,,
railways,Budapest , Ljubljana,14248,10,1238,63,708,,,,,
railways,Bialystok , Vilnius,3088,12,1286,98,520,,,,,
railways,Belgrade , Bucharest,13184,12,1772,95,743,,,,,
railways,Belgrade , Skopje,14235,9,1506,75,535,,,,,
railways,Munich , Vienna,16129,8,1554,55,767,,,,,
railways,Thessaloniki , Athens,7817,11,1138,43,660,,,,,
railways,Copenhagen , Stockholm,10111,8,1580,93,284,,,,,
railways,Skopje , Thessaloniki,17525,9,1990,78,1329,,,,,
railways,Östersund , Trontheim,13989,8,1372,83,1037,,,,,
railways,Copenhagen , Stockholm,9505,11,1032,74,962,,,,,
railways,Oslo , Bergen,7752,9,1434,21,653,,,,,
railways,Belgrade , Sofia,14380,8,1918,46,1130,,,,,
railways,Berlin , Munich,15098,10,1818,27,804,,,,,
railways,Venice , Ljubljana,13637,9,1672,28,613,,,,,
railways,Vienna , Budapest,16073,11,1516,89,1249,,,,,
railways,Amsterdam , Cologne,9433,6,1380,47,1225,,,,,
railways,Brussels , London,16208,10,1518,73,510,,,,,
railways,Belgrade , Sofia,14991,11,1798,54,1175,,,,,
railways,Munich , Prague,15198,6,1634,48,715,,,,,
railways,Prague , Vienna,16267,12,1424,69,1150,,,,,
railways,Thessaloniki , Athens,12666,6,1682,78,666,,,,,
railways,Budapest , Bucharest,4854,7,1586,58,684,,,,,
railways,Amsterdam , Cologne,14633,9,1412,78,500,,,,,
railways,Berlin , Munich,4453,7,1274,63,1175,,,,,
railways,Berlin , Prague,8780,6,1802,76,954,,,,,
railways,Belgrade , Bucharest,17443,12,1376,37,334,,,,,
railways,Brussels , Paris,9865,7,1108,91,301,,,,,
railways,Brussels , Cologne,8657,9,1970,46,440,,,,,
railways,Munich , Prague,13307,11,1304,86,1236,,,,,
railways,Munich , Vienna,17150,7,1182,79,914,,,,,
railways,Belgrade , Sofia,10954,11,1118,79,1124,,,,,
railways,Prague , Vienna,15127,10,1616,80,1144,,,,,
railways,Belgrade , Sofia,16028,10,1398,72,1203,,,,,
railways,Vienna , Venice,7094,11,1418,99,304,,,,,
railways,Cologne , Berlin,11158,6,1492,30,662,,,,,
railways,Milan , Munich,13921,7,1362,82,1162,,,,,
railways,Stockholm , Oslo,8157,8,1582,36,377,,,,,
railways,Frankfurt , Hamburg,13669,12,1792,75,276,,,,,
railways,Brussels , London,12081,7,1956,84,570,,,,,
railways,Sofia , Skopje,8966,9,1386,64,631,,,,,
railways,Hamburg , Copenhagen,17604,6,1438,76,1226,,,,,
railways,Brussels , Paris,14164,12,1382,91,1218,,,,,
railways,Budapest , Bucharest,9159,11,1696,61,378,,,,,
railways,Zagreb , Belgrade,8461,10,1344,69,420,,,,,
railways,Vienna , Warsaw,7024,7,1038,42,1016,,,,,
railways,Bucharest , Sofia,6261,11,1930,55,1064,,,,,
railways,Bialystok , Vilnius,11921,12,1326,48,846,,,,,
railways,Frankfurt , Bern,15610,8,1214,49,618,,,,,
railways,Amsterdam , Brussels,6854,9,1226,22,367,,,,,
railways,Budapest , Ljubljana,11195,7,1030,38,626,,,,,
railways,Amsterdam , Cologne,8959,11,1516,66,1274,,,,,
railways,Oslo , Bergen,12146,6,1732,27,533,,,,,
airways,Brussels , London,3910,8,2184,49,4257,,,,,
airways,Prague , Warsaw,11971,12,2367,15,2238,,,,,
airways,Brussels , London,17526,11,2385,18,3363,,,,,
airways,Hilsinki , Turku,13835,8,1611,51,4023,,,,,
airways,Copenhagen , Stockholm,15859,6,2904,60,1536,,,,,
airways,Hamburg , Munich,5389,11,2526,24,2637,,,,,
airways,Zagreb , Belgrade,7938,6,2280,51,1287,,,,,
airways,Vienna , Budapest,10418,8,1536,37,1443,,,,,
airways,Cologne , Frankfurt,10519,6,1581,59,1854,,,,,
airways,Helsinki , Rovaniemi,3767,11,1980,38,1389,,,,,
airways,Venice , Ljubljana,3235,6,2013,51,1791,,,,,
airways,Hilsinki , Turku,16602,6,2190,41,966,,,,,
airways,Amsterdam , Brussels,17900,6,1533,22,3399,,,,,
airways,Vienna , Venice,15884,11,1509,26,960,,,,,
airways,Berlin , Munich,13948,12,1638,54,2037,,,,,
airways,Östersund , Trontheim,10841,11,1998,59,954,,,,,
airways,Frankfurt , Bern,9947,7,2886,59,2796,,,,,
airways,Brussels , Cologne,15790,11,2574,35,2613,,,,,
airways,Budapest , Bucharest,7882,8,2289,50,2049,,,,,
airways,Berlin , Hamburg,17132,6,1560,39,972,,,,,
airways,Sofia , Thessaloniki,9544,9,2163,17,2181,,,,,
airways,Frankfurt , Bern,3646,7,2484,30,2283,,,,,
airways,Prague , Vienna,10630,8,2577,56,2877,,,,,
airways,Munich , Prague,5714,8,1671,26,2481,,,,,
airways,Munich , Prague,6186,10,2748,60,2646,,,,,
airways,Budapest , Zagreb,17506,6,2694,57,2748,,,,,
airways,Frankfurt , Munich,16605,8,2460,52,1374,,,,,
airways,Paris , Lyon,12378,12,1773,55,1284,,,,,
airways,Copenhagen , Oslo,3330,6,2892,47,2223,,,,,
airways,Budapest , Ljubljana,6005,10,2142,49,3381,,,,,
airways,Skopje , Thessaloniki,13503,8,1641,43,2397,,,,,
airways,Vienna , Budapest,10981,7,1551,63,2799,,,,,
airways,Zagreb , Belgrade,7352,9,1683,42,2844,,,,,
airways,Brussels , Paris,17948,9,2334,38,2121,,,,,
airways,Paris , Rennes,16541,10,2022,18,1671,,,,,
airways,Hilsinki , Turku,17121,6,2622,53,2370,,,,,
airways,Paris , Lyon,3729,9,2145,18,4452,,,,,
airways,Paris , London,8922,6,2250,51,2376,,,,,
airways,Budapest , Bucharest,8734,6,2274,61,2088,,,,,
airways,Berlin , Munich,9574,12,2604,36,1422,,,,,
airways,Hamburg , Munich,14074,10,2574,15,3966,,,,,
airways,Budapest , Ljubljana,13705,12,2634,52,4119,,,,,
airways,Paris , Rennes,13299,6,1518,36,1296,,,,,
airways,Sofia , Skopje,13829,12,2199,63,4395,,,,,
airways,Zagreb , Belgrade,7949,6,2154,37,2715,,,,,
airways,Frankfurt , Hamburg,5688,10,2430,64,2874,,,,,
airways,Stockholm , Kiruna,12703,10,2955,37,3600,,,,,
airways,Vienna , Warsaw,17370,10,2670,34,2967,,,,,
airways,Paris , Frankfurt,10963,6,1869,43,3237,,,,,
airways,Vienna , Warsaw,14544,9,2334,35,957,,,,,
airways,Vienna , Budapest,6028,9,2373,26,1761,,,,,
airways,Brussels , Paris,13839,10,2916,34,3738,,,,,
airways,Copenhagen , Oslo,16838,6,2721,44,3153,,,,,
airways,Hamburg , Copenhagen,17398,11,1683,50,2400,,,,,
airways,Stockholm , Östersund,3084,9,2313,40,3921,,,,,
airways,Paris , London,9596,7,1527,37,3771,,,,,
airways,Sofia , Thessaloniki,17713,11,2889,59,2301,,,,,
airways,Sofia , Skopje,4882,8,1758,43,4236,,,,,
airways,Athens , Patras,11605,6,2505,41,2925,,,,,
airways,Paris , Frankfurt,9067,11,2961,61,2733,,,,,
airways,Budapest , Bucharest,13604,8,2868,22,1773,,,,,
airways,Amsterdam , Brussels,15789,9,2307,44,3045,,,,,
airways,Milan , Munich,13949,12,2682,41,2373,,,,,
airways,Belgrade , Skopje,3168,8,1803,65,3189,,,,,
airways,Munich , Vienna,9017,9,1563,62,1794,,,,,
airways,Budapest , Zagreb,9006,6,2382,39,1269,,,,,
airways,Frankfurt , Munich,10215,12,2514,60,2331,,,,,
airways,Paris , Rennes,17010,8,1740,52,1056,,,,,
airways,Paris , London,8328,10,2985,59,2934,,,,,
airways,Sofia , Thessaloniki,17177,9,2103,39,3123,,,,,
airways,Copenhagen , Oslo,15874,8,2583,58,3339,,,,,
airways,Munich , Vienna,12869,11,2166,43,2580,,,,,
airways,Prague , Warsaw,13569,11,1698,44,2115,,,,,
airways,Bialystok , Vilnius,4438,9,1965,18,3003,,,,,
airways,Cologne , Berlin,12294,7,2244,30,2649,,,,,
airways,Stockholm , Östersund,7128,10,1761,54,4131,,,,,
airways,Vienna , Budapest,7985,6,2139,63,2991,,,,,
airways,Helsinki , Rovaniemi,16899,7,2103,26,1410,,,,,
airways,Bialystok , Vilnius,15359,11,1860,60,2331,,,,,
airways,Prague , Warsaw,14043,11,2811,53,2397,,,,,
airways,Zagreb , Belgrade,3474,9,1740,47,1422,,,,,
airways,Vienna , Budapest,8128,6,1674,47,2796,,,,,
airways,Hamburg , Munich,10462,9,2976,58,2568,,,,,
airways,Skopje , Thessaloniki,11492,11,2937,67,1998,,,,,
airways,Bologna , Florence,14989,12,1617,42,3282,,,,,
airways,Copenhagen , Stockholm,3442,9,2283,63,1476,,,,,
airways,Helsinki , Rovaniemi,11298,10,1917,33,1686,,,,,
airways,Ljubljana , Zagreb,4721,11,2043,21,2697,,,,,
airways,Frankfurt , Hamburg,10357,11,2898,18,2814,,,,,
airways,Venice , Ljubljana,14454,7,2463,18,2901,,,,,
airways,Copenhagen , Oslo,16983,12,2283,18,924,,,,,
airways,Budapest , Bucharest,6540,12,2907,64,1131,,,,,
airways,Amsterdam , Berlin,5075,7,2103,51,4395,,,,,
airways,Lyon , Bern,9414,6,1812,65,3576,,,,,
airways,Hamburg , Munich,10229,10,2904,18,4494,,,,,
airways,Hamburg , Munich,8028,7,2103,56,2784,,,,,
airways,Amsterdam , Cologne,5618,6,2811,27,2394,,,,,
airways,Paris , London,6925,10,1734,19,4158,,,,,
airways,Berlin , Hamburg,17584,12,2637,30,4161,,,,,
airways,Budapest , Ljubljana,5622,6,2499,21,3396,,,,,
airways,Berlin , Prague,16839,8,2988,33,1698,,,,,
airways,Vienna , Warsaw,7844,9,2523,17,3540,,,,,
airways,Budapest , Zagreb,13236,9,1701,30,2028,,,,,
airways,Vienna , Venice,5872,9,2181,64,4446,,,,,
airways,Amsterdam , Berlin,5590,10,2865,30,1671,,,,,
airways,Hilsinki , Turku,8175,8,2406,48,4299,,,,,
airways,Paris , London,7355,9,2025,37,1731,,,,,
airways,Thessaloniki , Athens,9337,6,1776,55,2940,,,,,
airways,Amsterdam , Cologne,8559,8,2439,23,3681,,,,,
airways,Paris , Frankfurt,12858,12,1707,51,2217,,,,,
airways,Vienna , Venice,7343,7,2652,16,1440,,,,,
airways,Paris , Lyon,9942,8,2574,38,1821,,,,,
airways,Sofia , Thessaloniki,15273,8,2232,47,3699,,,,,
airways,Paris , Rennes,11179,6,2880,61,3411,,,,,
airways,Oslo , Bergen,14571,11,2016,30,2061,,,,,
airways,Skopje , Thessaloniki,8940,8,2784,20,960,,,,,
airways,Paris , London,9838,10,2103,55,4485,,,,,
airways,Paris , Frankfurt,12007,9,2367,24,2082,,,,,
airways,Helsinki , Rovaniemi,16254,11,1761,48,978,,,,,
airways,Vienna , Venice,14259,8,2361,31,1443,,,,,
airways,Paris , Bordeaux,17060,10,2916,15,2541,,,,,
airways,Vienna , Venice,7221,11,2079,23,2001,,,,,
airways,Belgrade , Bucharest,10225,11,2667,24,3276,,,,,
airways,Bialystok , Vilnius,16224,7,2052,56,1704,,,,,
airways,Milan , Munich,16903,8,1701,64,2985,,,,,
airways,Brussels , London,15907,6,2736,13,2532,,,,,
airways,Bologna , Florence,15838,10,1860,42,4329,,,,,
airways,Oslo , Bergen,9813,7,1872,49,4308,,,,,
airways,Belgrade , Skopje,11287,6,1935,53,2970,,,,,
airways,Prague , Vienna,7254,11,2691,17,1590,,,,,
airways,Paris , Lyon,13928,8,2148,39,2727,,,,,
airways,Vienna , Budapest,9641,10,2739,49,3300,,,,,
airways,Venice , Ljubljana,9700,11,1851,27,2751,,,,,
airways,Sofia , Istanbul,15433,8,1521,22,4380,,,,,
airways,Vienna , Warsaw,13514,9,2757,63,1566,,,,,
airways,Brussels , London,11000,8,2370,34,4080,,,,,
airways,Vienna , Warsaw,7388,12,2118,62,1833,,,,,
airways,Venice , Ljubljana,4886,7,2016,64,2235,,,,,
airways,Belgrade , Skopje,16637,7,1584,43,4461,,,,,
airways,Budapest , Ljubljana,12832,9,2922,49,1569,,,,,
airways,Brussels , Paris,7303,12,2244,62,1494,,,,,
airways,Thessaloniki , Athens,6561,7,2223,59,1644,,,,,
airways,Stockholm , Kiruna,9298,8,2715,51,906,,,,,
airways,Hamburg , Copenhagen,10908,6,2397,33,3906,,,,,
airways,Copenhagen , Oslo,5698,6,2670,17,924,,,,,
airways,Berlin , Prague,3529,7,2394,65,987,,,,,
airways,Thessaloniki , Athens,5457,11,1842,66,4053,,,,,
airways,Vienna , Venice,14909,10,1620,56,1062,,,,,
airways,Paris , Frankfurt,3131,7,2253,51,2286,,,,,
airways,Paris , London,7075,8,1623,27,1860,,,,,
airways,Belgrade , Bucharest,10735,8,2286,55,3867,,,,,
airways,Paris , London,5220,12,2715,59,4491,,,,,
airways,Zagreb , Split,6151,7,2895,66,2919,,,,,
airways,Stockholm , Oslo,14706,9,2745,35,1806,,,,,
airways,Zagreb , Split,4644,11,2286,37,2193,,,,,
airways,Sofia , Thessaloniki,4287,7,1530,26,2937,,,,,
airways,Östersund , Trontheim,9765,9,2868,62,2022,,,,,
airways,Milan , Munich,9928,9,2361,25,3216,,,,,
airways,Paris , Frankfurt,10368,7,2526,33,1167,,,,,
airways,Brussels , Cologne,7479,6,2382,67,930,,,,,
airways,Vienna , Warsaw,4854,12,2373,42,3555,,,,,
airways,Berlin , Prague,4041,8,2868,56,3357,,,,,
airways,Frankfurt , Bern,4722,6,2703,52,2952,,,,,
airways,Vienna , Budapest,5209,7,2181,19,981,,,,,
airways,Hamburg , Munich,3723,7,2766,47,1611,,,,,
airways,Thessaloniki , Athens,14436,12,2283,61,4308,,,,,
airways,Munich , Prague,9493,7,2190,47,1104,,,,,
airways,Berlin , Munich,6837,11,1959,49,3693,,,,,
airways,Prague , Vienna,12827,9,2070,37,2457,,,,,
airways,Zagreb , Split,5396,6,1539,19,2916,,,,,
airways,Budapest , Bucharest,12474,8,1704,40,3984,,,,,
airways,Belgrade , Bucharest,7893,7,1788,66,2583,,,,,
airways,Paris , London,6029,11,2589,44,1761,,,,,
airways,Vienna , Venice,7606,7,2712,57,4149,,,,,
airways,Frankfurt , Bern,17896,6,2235,50,4497,,,,,
airways,Munich , Vienna,4708,8,2847,32,4242,,,,,
airways,Berlin , Prague,11839,7,1896,33,2664,,,,,
airways,Paris , Frankfurt,8406,7,1683,29,2850,,,,,
airways,Sofia , Thessaloniki,12227,7,2220,36,4293,,,,,
airways,Amsterdam , Brussels,16430,11,2520,27,2310,,,,,
airways,Frankfurt , Bern,3214,12,1848,26,1290,,,,,
airways,Zagreb , Belgrade,5065,12,2217,17,918,,,,,
airways,Venice , Ljubljana,8691,12,1908,51,2478,,,,,
airways,Paris , Lyon,3877,10,2712,53,1581,,,,,
airways,Amsterdam , Berlin,10654,11,2127,14,1980,,,,,
airways,Amsterdam , Cologne,8412,8,2520,29,2382,,,,,
airways,Östersund , Trontheim,17692,7,1623,17,2229,,,,,
airways,Vienna , Warsaw,5202,9,2631,39,3816,,,,,
airways,Berlin , Hamburg,13403,11,2325,30,4080,,,,,
airways,Amsterdam , Brussels,6922,12,1719,15,1692,,,,,
airways,Budapest , Ljubljana,3838,9,2793,63,3597,,,,,
airways,Östersund , Trontheim,4879,11,1965,19,1191,,,,,
airways,Venice , Ljubljana,14278,8,2175,41,3624,,,,,
airways,Prague , Vienna,16139,11,2541,15,3612,,,,,
airways,Amsterdam , Cologne,17816,11,2970,31,2322,,,,,
airways,Vienna , Budapest,3282,10,2952,30,2424,,,,,
airways,Ljubljana , Zagreb,15636,10,2388,59,4251,,,,,
airways,Berlin , Munich,11086,8,2277,44,1260,,,,,
airways,Berlin , Hamburg,11987,12,1827,25,2652,,,,,
airways,Berlin , Warsaw,13270,7,2673,33,2187,,,,,
airways,Vienna , Warsaw,12755,8,1623,30,4485,,,,,
airways,Milan , Munich,14745,6,2802,37,1917,,,,,
airways,Sofia , Istanbul,15138,7,2286,62,1812,,,,,
airways,Berlin , Warsaw,11052,12,2847,55,3225,,,,,
airways,Paris , Rennes,9575,10,2562,61,2775,,,,,
airways,Paris , Rennes,12629,8,2880,20,2922,,,,,
airways,Berlin , Munich,16166,7,1740,65,1449,,,,,
airways,Prague , Warsaw,15182,6,2961,35,1059,,,,,
airways,Cologne , Frankfurt,17386,10,2613,26,2388,,,,,
airways,Munich , Prague,6196,6,2241,45,4083,,,,,
airways,Belgrade , Bucharest,17318,12,1821,44,2976,,,,,
airways,Sofia , Skopje,5482,10,2337,59,3636,,,,,
airways,Berlin , Munich,13994,11,2091,52,3750,,,,,
airways,Berlin , Prague,12487,9,1512,64,2676,,,,,
airways,Paris , Rennes,12625,7,2601,36,1107,,,,,
airways,Budapest , Belgrade,12623,9,2499,18,4431,,,,,
airways,Athens , Patras,9873,6,1635,55,4263,,,,,
airways,Paris , Frankfurt,14726,8,1722,27,3888,,,,,
airways,Prague , Vienna,16118,7,2922,58,3093,,,,,
airways,Berlin , Warsaw,8526,8,2754,31,3084,,,,,
airways,Stockholm , Kiruna,9419,7,2568,21,1491,,,,,
airways,Berlin , Hamburg,17571,12,2697,35,1128,,,,,
airways,Paris , Rennes,10608,12,2145,45,1599,,,,,
airways,Paris , London,8987,6,1905,64,2190,,,,,
airways,Athens , Patras,8826,10,1560,55,2433,,,,,
airways,Brussels , Cologne,7614,11,2652,60,2304,,,,,
airways,Amsterdam , Brussels,15264,12,1941,38,3078,,,,,
airways,Helsinki , Rovaniemi,15143,10,2457,48,1359,,,,,
airways,Frankfurt , Munich,6993,11,2667,14,4338,,,,,
airways,Copenhagen , Stockholm,11529,11,2343,38,4155,,,,,
airways,Ljubljana , Zagreb,8721,6,2982,34,3402,,,,,
airways,Athens , Patras,7095,8,2430,55,2601,,,,,
airways,Sofia , Istanbul,4525,9,1560,58,1242,,,,,
airways,Cologne , Berlin,7208,12,2727,39,1467,,,,,
airways,Bucharest , Sofia,10353,10,2526,15,2346,,,,,
airways,Östersund , Trontheim,9619,12,2262,17,1536,,,,,
airways,Hamburg , Munich,13766,8,2379,54,3519,,,,,
airways,Zagreb , Belgrade,11994,7,1977,15,3066,,,,,
airways,Sofia , Thessaloniki,6327,7,2820,42,1215,,,,,
airways,Athens , Patras,9403,10,2295,46,3768,,,,,
airways,Stockholm , Östersund,14946,6,2751,16,3765,,,,,
airways,Frankfurt , Hamburg,16321,7,1824,48,3129,,,,,
airways,Paris , Frankfurt,6337,7,1776,48,2784,,,,,
airways,Vienna , Warsaw,12171,12,2157,60,3018,,,,,
airways,Sofia , Skopje,3259,7,1662,32,1359,,,,,
airways,Stockholm , Östersund,4098,6,1719,20,4227,,,,,
airways,Budapest , Zagreb,4281,9,2889,21,3867,,,,,
airways,Munich , Vienna,15179,9,2775,64,3249,,,,,
airways,Budapest , Ljubljana,17446,10,1563,61,1422,,,,,
airways,Frankfurt , Hamburg,7786,11,2424,58,4101,,,,,
airways,Hamburg , Munich,3757,6,1734,60,3792,,,,,
airways,Brussels , Cologne,8781,6,2439,66,1545,,,,,
airways,Hamburg , Copenhagen,15528,11,2355,15,2643,,,,,
airways,Skopje , Thessaloniki,9405,7,1893,63,4038,,,,,
airways,Berlin , Munich,6073,10,2706,21,2022,,,,,
airways,Zagreb , Belgrade,12438,12,2904,38,3492,,,,,
airways,Paris , Frankfurt,11331,10,1986,38,3501,,,,,
airways,Stockholm , Östersund,10833,8,1761,36,2433,,,,,
airways,Bologna , Florence,11734,6,1698,32,3675,,,,,
airways,Amsterdam , Cologne,7995,8,1641,20,3129,,,,,
airways,Brussels , London,11052,10,1908,63,1425,,,,,
airways,Budapest , Bucharest,10722,8,2790,27,4068,,,,,
airways,Milan , Munich,17180,6,2448,16,3624,,,,,
airways,Vienna , Venice,7801,7,2697,66,1314,,,,,
airways,Bologna , Florence,15248,12,1560,19,3372,,,,,
airways,Sofia , Skopje,4764,9,1989,42,1065,,,,,
airways,Stockholm , Östersund,12002,7,2016,66,1356,,,,,
airways,Stockholm , Östersund,14410,10,2223,38,1092,,,,,
airways,Budapest , Ljubljana,14248,10,1857,42,2388,,,,,
airways,Bialystok , Vilnius,3088,12,1929,65,1755,,,,,
airways,Belgrade , Bucharest,13184,12,2658,63,2508,,,,,
airways,Belgrade , Skopje,14235,9,2259,50,1806,,,,,
airways,Munich , Vienna,16129,8,2331,36,2589,,,,,
airways,Thessaloniki , Athens,7817,11,1707,29,2229,,,,,
airways,Copenhagen , Stockholm,10111,8,2370,62,960,,,,,
airways,Skopje , Thessaloniki,17525,9,2985,52,4485,,,,,
airways,Östersund , Trontheim,13989,8,2058,55,3501,,,,,
airways,Copenhagen , Stockholm,9505,11,1548,49,3246,,,,,
airways,Oslo , Bergen,7752,9,2151,14,2205,,,,,
airways,Belgrade , Sofia,14380,8,2877,30,3813,,,,,
airways,Berlin , Munich,15098,10,2727,18,2715,,,,,
airways,Venice , Ljubljana,13637,9,2508,18,2070,,,,,
airways,Vienna , Budapest,16073,11,2274,59,4215,,,,,
airways,Amsterdam , Cologne,9433,6,2070,31,4134,,,,,
airways,Brussels , London,16208,10,2277,48,1722,,,,,
airways,Belgrade , Sofia,14991,11,2697,36,3966,,,,,
airways,Munich , Prague,15198,6,2451,32,2412,,,,,
airways,Prague , Vienna,16267,12,2136,46,3882,,,,,
airways,Thessaloniki , Athens,12666,6,2523,52,2247,,,,,
airways,Budapest , Bucharest,4854,7,2379,39,2307,,,,,
airways,Amsterdam , Cologne,14633,9,2118,52,1689,,,,,
airways,Berlin , Munich,4453,7,1911,42,3966,,,,,
airways,Berlin , Prague,8780,6,2703,51,3219,,,,,
airways,Belgrade , Bucharest,17443,12,2064,25,1128,,,,,
airways,Brussels , Paris,9865,7,1662,61,1017,,,,,
airways,Brussels , Cologne,8657,9,2955,31,1485,,,,,
airways,Munich , Prague,13307,11,1956,57,4170,,,,,
airways,Munich , Vienna,17150,7,1773,52,3084,,,,,
airways,Belgrade , Sofia,10954,11,1677,53,3792,,,,,
airways,Prague , Vienna,15127,10,2424,53,3861,,,,,
airways,Belgrade , Sofia,16028,10,2097,48,4059,,,,,
airways,Vienna , Venice,7094,11,2127,66,1026,,,,,
airways,Cologne , Berlin,11158,6,2238,20,2235,,,,,
airways,Milan , Munich,13921,7,2043,55,3921,,,,,
airways,Stockholm , Oslo,8157,8,2373,24,1272,,,,,
airways,Frankfurt , Hamburg,13669,12,2688,50,933,,,,,
airways,Brussels , London,12081,7,2934,56,1923,,,,,
airways,Sofia , Skopje,8966,9,2079,42,2130,,,,,
airways,Hamburg , Copenhagen,17604,6,2157,51,4137,,,,,
airways,Brussels , Paris,14164,12,2073,61,4110,,,,,
airways,Budapest , Bucharest,9159,11,2544,40,1275,,,,,
airways,Zagreb , Belgrade,8461,10,2016,46,1419,,,,,
airways,Vienna , Warsaw,7024,7,1557,28,3429,,,,,
airways,Bucharest , Sofia,6261,11,2895,36,3591,,,,,
airways,Bialystok , Vilnius,11921,12,1989,32,2856,,,,,
airways,Frankfurt , Bern,15610,8,1821,32,2085,,,,,
airways,Amsterdam , Brussels,6854,9,1839,14,1239,,,,,
airways,Budapest , Ljubljana,11195,7,1545,25,2112,,,,,
airways,Amsterdam , Cologne,8959,11,2274,44,4299,,,,,
airways,Oslo , Bergen,12146,6,2598,18,1800,,,,,
